name,Reliability Score (/100),Luxury/Comfort Score (/10),Boot Volume (L),Safety Rating (Euro NCAP stars),Warranty Length (years),Affordability Score (/100),Power (hp),Torque (Nm),0-100 km/h (s),Top Speed (km/h),Sportiness Score (/10)
Dacia Sandero 3,54.54545454545454,0.0,7.394366197183098,0.0,50.0,100.0,0.0,10.39426523297491,0.0,27.659574468085108,0.0
Citroen C3 IV,9.090909090909092,36.36363636363635,4.225352112676056,66.66666666666666,0.0,86.79245283018868,0.0,22.939068100358423,17.543859649122805,27.659574468085108,14.285714285714283
Toyota Yaris,100.0,45.45454545454545,0.0,100.0,50.0,62.264150943396224,8.040201005025125,0.0,33.33333333333335,10.638297872340425,34.28571428571428
Toyota Yaris Cross,100.0,54.545454545454554,19.54225352112676,100.0,50.0,43.39622641509434,8.040201005025125,0.0,15.789473684210531,0.0,14.285714285714283
Tesla Model Y,0.0,100.0,100.0,100.0,100.0,0.0,100.0,100.0,100.0,100.0,100.0
